<?xml version="1.0" encoding="utf-8"?>
<rss version="2.0" xmlns:sparkle="http://www.andymatuschak.org/xml-namespaces/sparkle" xmlns:dc="http://purl.org/dc/elements/1.1/">
    <channel>
        <title>Attn Updates</title>
        <link>https://attnos.com/updates/appcast.xml</link>
        <description>Attn app updates</description>
        <language>en</language>

        <item>
            <title>Version 1.2.1</title>
            <description>
                <![CDATA[
                    <h2>What's New in Attn 1.2.1</h2>
                    <ul>
                        <li>Fix light mode support across the app</li>
                        <li>Enable AI summaries by default for new users</li>
                        <li>Use native system colors for better appearance adaptation</li>
                    </ul>
                ]]>
            </description>
            <pubDate>Fri, 17 Jan 2026 12:00:00 +0000</pubDate>
            <sparkle:version>3</sparkle:version>
            <sparkle:shortVersionString>1.2.1</sparkle:shortVersionString>
            <sparkle:minimumSystemVersion>13.0</sparkle:minimumSystemVersion>
            <enclosure
                url="https://attnos.com/updates/Attn-1.2.1.zip"
                length="7010803"
                type="application/octet-stream"
                sparkle:edSignature="t788tyytlww5CqaEdYczbkN+rkiNXxpjQRl9F9/aE4JoSD/h94LYKJ64fNe26Fm6mIadCQUzk8VVD7zc57/XDw=="
            />
        </item>
    </channel>
</rss>
